id,genre
37i9dQZF1DWY4lFlS4Pnso,toplists
37i9dQZF1DX5uokaTN4FTR,toplists
37i9dQZF1DXcBWIGoYBM5M,pop
37i9dQZF1DX4W3aJJYCDfV,toplists
37i9dQZF1DX0XUsuxWHRQd,hiphop
37i9dQZF1DWSOkubnsDCSS,toplists
37i9dQZF1DX4SBhb3fqCJd,toplists
37i9dQZF1DX4dyzvuaRJ0n,edm_dance
37i9dQZF1DXcF6B6QPhFDv,toplists
37i9dQZF1DX1lVhptIYRda,country
37i9dQZEVXbLnolsZ8PSNw,toplists
37i9dQZEVXbMDoHDwVN2tF,toplists
37i9dQZEVXbLiRSasKsNU9,toplists
37i9dQZEVXbL3DLHfQeDmV,toplists
37i9dQZF1DX6P1Nsk3wSZX,toplists
37i9dQZF1DWTLSN7iG21yC,at_home
37i9dQZF1DWSqmBTGDYngZ,at_home
37i9dQZF1DXdxcBWuJkbcy,workout
37i9dQZF1DWWQRwui0ExPn,at_home
37i9dQZF1DX5oYC8mRiXUR,at_home
37i9dQZF1DX4sWSpwq3LiO,focus
37i9dQZF1DWTyiBJ6yEqeu,gaming
37i9dQZF1DWZqd5JICZI0u,at_home
37i9dQZF1DWY0DyDKedRYY,at_home
37i9dQZF1DWUa8ZRTfalHk,pop
37i9dQZF1DX76Wlfdnj7AP,edm_dance
37i9dQZF1DX5gQonLbZD9s,workout
37i9dQZF1DXadOVCgGhS7j,workout
37i9dQZF1DX32NsLKyzScr,edm_dance
37i9dQZF1DWXmQEAjlxGhi,latin
37i9dQZF1DX4eRPd9frC1m,edm_dance
37i9dQZF1DWWPcvnOpPG3x,workout
37i9dQZF1DX0hWmn8d5pRe,workout
37i9dQZF1DWZUTt0fNaCPB,workout
37i9dQZF1DXaitacWUJMPH,mood
37i9dQZF1DX4osfY3zybD2,workout
37i9dQZF1DWXx3Txis2L4x,rock
37i9dQZF1DWVhQ5d3I6DeF,workout
37i9dQZF1DXbFRZSqP41al,workout
37i9dQZF1DWUxdwkOJZYCJ,workout
37i9dQZF1DWZYWNM3NfvzJ,workout
37i9dQZF1DWZq91oLsHZvy,workout
37i9dQZF1DX06VUQ1GoKge,workout
37i9dQZF1DXcCEH5EfTtzp,workout
37i9dQZF1DX0wiundViT27,workout
37i9dQZF1DX8E1Op3UZWf0,workout
37i9dQZF1DXc7KgLAqOCoC,workout
37i9dQZF1DWXUtxBFupUW9,workout
37i9dQZF1DX0BZrbvIqxCd,workout
37i9dQZF1DWSTc9FdySHtz,workout
37i9dQZF1DWV3VLITCZusq,workout
37i9dQZF1DXbcCmWfoUaw2,workout
37i9dQZF1DWT6anPZiHuxz,workout
37i9dQZF1DX3PIAZMcbo2T,workout
37i9dQZF1DXbLSzx0CLgOw,workout
37i9dQZF1DX8jnAPF7Iiqp,workout
37i9dQZF1DX35oM5SPECmN,roots
37i9dQZF1DX2RxBh64BHjQ,hiphop
37i9dQZF1DWVA1Gq4XHa6U,hiphop
37i9dQZF1DX2A29LI7xHn1,hiphop
37i9dQZF1DX7Mq3mO5SSDc,hiphop
37i9dQZF1DX6GwdWRQMQpq,mood
37i9dQZF1DX2XmsXL2WBQd,hiphop
37i9dQZF1DX3rxVfibe1L0,mood
37i9dQZF1DX9XIFQuFvzM4,mood
37i9dQZF1DWXRqgorJj26U,rock
37i9dQZF1DX3oM43CtKnRV,rock
37i9dQZF1DX1rVvRgjX59F,rock
37i9dQZF1DX2UXfvEIZvDK,chill
37i9dQZF1DX0rCrO4CFRfM,rock
37i9dQZF1DX11ghcIxjcjE,rock
37i9dQZF1DX99DRG9N39X3,rock
37i9dQZF1DWZryfp6NSvtz,rock
37i9dQZF1DWXIcbzpLauPS,metal
37i9dQZF1DX6W1iI3ggF1N,rock
37i9dQZF1DWVwr24yj95lH,rock
37i9dQZF1DX0fWtUuB7bFE,rock
37i9dQZF1DX6WdWXzlAP9E,rock
37i9dQZF1DX2J9h4w9E0Xj,rock
37i9dQZF1DWYzMfRQj22Nd,edm_dance
37i9dQZF1DXaXB8fQg7xif,party
37i9dQZF1DX6VdMW310YC7,chill
37i9dQZF1DX8a1tdzq5tbM,party
37i9dQZF1DX6GJXiuZRisr,travel
37i9dQZF1DXa8NOEUWPn9W,edm_dance
37i9dQZF1DX8tZsk68tuDw,edm_dance
37i9dQZF1DWUq3wF0JVtEy,party
37i9dQZF1DX91oIci4su1D,edm_dance
37i9dQZF1DX5GiUwx1edLZ,edm_dance
37i9dQZF1DX8CopunbDxgW,edm_dance
37i9dQZF1DWTU3Zl0elDUa,edm_dance
37i9dQZF1DX9WbnZpHWMaI,edm_dance
37i9dQZF1DWYmmr74INQlb,rnb
37i9dQZF1DX2UgsUIg75Vg,rnb
37i9dQZF1DX6VDO8a6cQME,rnb
37i9dQZF1DWXnexX7CktaI,rnb
37i9dQZF1DX4y8h9WqDPAE,rnb
37i9dQZF1DWUzFXarNiofw,rnb
37i9dQZF1DX0H8hDpv38Ju,soul
37i9dQZF1DX70TzPK5buVf,funk
37i9dQZF1DXaPeYMCDRQeg,rnb
37i9dQZF1DX873GaRGUmPl,indie_alt
37i9dQZF1DXaLI8a395lse,indie_alt
37i9dQZF1DXdTCdwCKzXwo,indie_alt
37i9dQZF1DWTSKFpOdYF1r,indie_alt
37i9dQZF1DX0YKekzl0blG,indie_alt
37i9dQZF1DX5qNE4zrflL7,indie_alt
37i9dQZF1DXaVgr4Tx5kRF,indie_alt
37i9dQZF1DXb3ZjVksUlfu,indie_alt
37i9dQZF1DWSrj7tqQ9IOu,indie_alt
37i9dQZF1DX6uhsAfngvaD,indie_alt
37i9dQZF1DX4WYpdgoIcn6,chill
37i9dQZF1DWTvNyxOwkztu,chill
37i9dQZF1DX504r1DvyvxG,roots
37i9dQZF1DX889U0CL85jj,chill
37i9dQZF1DX9j444F9NCBa,chill
37i9dQZF1DX5bjCEbRU4SJ,chill
37i9dQZF1DX0Aaer4Jzfgm,classical
37i9dQZF1DWVFJtzvDHN4L,chill
37i9dQZF1DWVFeEut75IAL,classical
37i9dQZF1DXdbkmlag2h7b,focus
37i9dQZF1DX7KrTMVQnM02,focus
37i9dQZF1DWZ0OzPeadl0h,roots
37i9dQZF1DX9WxEZbyU6MA,classical
37i9dQZF1DWZd79rJ6a7lp,sleep
37i9dQZF1DX8Sz1gsYZdwj,classical
37i9dQZF1DX9if5QDLdzCa,sleep
37i9dQZF1DWZhzMp90Opmn,sleep
37i9dQZF1DXaw68inx4UiN,sleep
37i9dQZF1DX0Uv9tZ47pWo,party
37i9dQZF1DX8FwnYE6PRvL,party
37i9dQZF1DX3LyU0mhfqgP,pride
37i9dQZF1DX59HcpGmPXYR,pride
37i9dQZF1DWU8quswnFt3c,pride
37i9dQZF1DWViyN2b86Qnu,pride
37i9dQZF1DWTLrNDPW5co2,pride
37i9dQZF1DWZZCoBbLu26P,pride
37i9dQZF1DWVyZVHMjokmR,pride
37i9dQZF1DXbmCTvLQy5AO,pride
37i9dQZF1DX2GKumqRIZ7g,pride
37i9dQZF1DX2lenzaqw2vs,pride
37i9dQZF1DWTMR78LDoAZC,pride
37i9dQZF1DX5TMFhaZc9ov,pride
37i9dQZF1DX75gMjYMWCsk,pride
37i9dQZF1DX0AFojabHxv3,pride
37i9dQZF1DWTarG7u0F62S,pride
37i9dQZF1DXbHwYW9IUCXA,pride
37i9dQZF1DX5nluNjMjoM0,pride
37i9dQZF1DX6G79ZQrQjvV,pride
37i9dQZF1DWV0gynK7G6pD,classical
37i9dQZF1DWXtBjoO4Thyy,classical
37i9dQZF1DWWEJlAGA9gs0,classical
37i9dQZF1DX9OZisIoJQhG,classical
37i9dQZF1DWUvHZA1zLcjW,classical
37i9dQZF1DXdfOcg1fm0VG,gaming
37i9dQZF1DXd5zUwdn6lPb,focus
37i9dQZF1DWYkztttC1w38,classical
37i9dQZF1DWURCUKHUKWCX,classical
37i9dQZF1DX1tz6EDao8it,classical
37i9dQZF1DX4QrK4j7ie9B,classical
37i9dQZF1DX4s3V2rTswzO,romance
37i9dQZF1DWW7gj0FcGEx6,classical
37i9dQZF1DXah8e1pvF5oE,classical
37i9dQZF1DX6K3W8KBiALe,classical
37i9dQZF1DWUPafHP1BJw1,classical
37i9dQZF1DWZYpU3rwrcAz,classical
37i9dQZF1DX9G9wwzwWL2k,classical
37i9dQZF1DXbIeCFU20wRm,classical
37i9dQZF1DWSw8liJZcPOI,classical
37i9dQZF1DX7cBprxbt1Fn,classical
37i9dQZF1DWVfS4Cdd3PNf,classical
37i9dQZF1DXddGd6mP5X2a,classical
37i9dQZF1DXbTR7abB7Ji7,classical
37i9dQZF1DXbm0dp7JzNeL,classical
37i9dQZF1DXabrEiRjQMgs,classical
37i9dQZF1DX2mmt7R81K2b,jazz
37i9dQZF1DWXBq4mDDFnfA,classical
37i9dQZF1DXdPDLmy88MDk,classical
37i9dQZF1DWYtpM7d4h5Xa,classical
37i9dQZF1DX2aCk0vzzaZQ,classical
37i9dQZF1DXb2oE8NhWxT6,classical
37i9dQZF1DWUqIzZNMSCv3,classical
37i9dQZF1DWYi4w24l7FTx,classical
37i9dQZF1DX0DHxkHcf1Tl,classical
37i9dQZF1DWUqr1os0aCxH,classical
37i9dQZF1DX10uaP8FoDNe,classical
37i9dQZF1DX7dzHXrANAir,classical
37i9dQZF1DX8qDhzfjyTN6,classical
37i9dQZF1DXbrSeoLHavML,classical
37i9dQZF1DXbaZdHeCwl9C,classical
37i9dQZF1DX7TvcXU5TLWg,classical
37i9dQZF1DWYZW76Iw4Lij,classical
37i9dQZF1DX20xDs0SXeZu,classical
37i9dQZF1DXcbK8HZQNxAq,classical
37i9dQZF1DWYnwbYQ5HnZU,country
37i9dQZF1DX8WMG8VPSOJC,romance
37i9dQZF1DWVpjAJGB70vU,country
37i9dQZF1DX6RCydf9ytsj,country
37i9dQZF1DWYP5PUsVbso9,country
37i9dQZF1DX3Ee0ngF5ZVQ,country
37i9dQZF1DX7CGYgLhqwu5,country
37i9dQZF1DWXU4C3nPzApC,country
37i9dQZF1DWWnpcjfCqaW0,country
37i9dQZF1DX24Kh15JFQJ0,country
37i9dQZF1DX5mB2C8gBeUM,country
37i9dQZF1DX0vVAWnG6fKT,country
37i9dQZF1DWXqpDKK4ed9O,romance
37i9dQZF1DXc3KygMa1OE7,romance
37i9dQZF1DX7rOY2tZUw1k,romance
37i9dQZF1DX0QKpU3cGsyb,romance
37i9dQZF1DWZIQpJDqCc10,romance
37i9dQZF1DWYhr4P5Boce5,romance
37i9dQZF1DX4pAtJteyweQ,romance
37i9dQZF1DX3Z99viCDp7Q,romance
37i9dQZF1DX9sIqqvKsjG8,focus
37i9dQZF1DWZeKCadgRdKQ,focus
37i9dQZF1DX7K31D69s4M1,focus
37i9dQZF1DXa2SPUyWl8Y5,focus
37i9dQZF1DWTwzVdyRpXm1,desi
37i9dQZF1DX2nX8HgBDmgL,desi
37i9dQZF1DX8DbV65q7h3u,desi
37i9dQZF1DXdcRZAcc2QFU,desi
37i9dQZF1DX4lrR2M7pz8g,desi
37i9dQZF1DWUxHPh2rEiHr,desi
37i9dQZF1DWYKzhEkKdUkK,desi
37i9dQZF1DWTUfv2yzHEe7,desi
37i9dQZF1DWSxaFwRXIXnt,desi
37i9dQZF1DWYRTlrhMB12D,desi
37i9dQZF1DWZNJXX2UeBij,desi
37i9dQZF1DWZIQCYtfr3hh,desi
37i9dQZF1DXdsiL9gD4vAA,desi
37i9dQZF1DWU2tlzlUMZTA,desi
37i9dQZF1DX9ZinQt3Ddkj,desi
37i9dQZF1DXaq7lvg1a3j6,desi
37i9dQZF1DX4PMbm7GPN1x,desi
37i9dQZF1DX6WjBAV6orkC,desi
37i9dQZF1DWYztMONFqfvX,desi
37i9dQZF1DXc0BeAqkMlJ0,desi
37i9dQZF1DX654XADbS8bL,desi
37i9dQZF1DWWaVVA0KKQMp,desi
37i9dQZF1DX5hlePrkMwGp,desi
37i9dQZF1DX4Y3BGcCFrIX,desi
37i9dQZF1DX0GO2iStOATx,desi
37i9dQZF1DXcaxFdaLtowG,desi
37i9dQZF1DWTSjoMyJoVXv,desi
37i9dQZF1DX3VNFqEPdDGw,desi
37i9dQZF1DWSKoG4oVafMt,desi
37i9dQZF1DXc4SqyiYXF2n,desi
37i9dQZF1DX5lHBoCtADgQ,desi
37i9dQZF1DWYvgG8eEwPaP,desi
37i9dQZF1DX5q67ZpWyRrZ,desi
37i9dQZF1DXdMbUSbTOEeW,desi
37i9dQZF1DX2RahGIyQXcJ,desi
37i9dQZF1DWZP9WRe4vE2t,desi
37i9dQZF1DX8RXxAW8DgJV,desi
37i9dQZF1DWYfvJNWU1bKi,desi
37i9dQZF1DXc6qgnxonYgp,desi
37i9dQZF1DX0nA91dV2ts4,desi
37i9dQZF1DX442zFw7L5ce,desi
37i9dQZF1DWTt3gMo0DLxA,desi
37i9dQZF1DX14rZPczlTBh,desi
37i9dQZF1DWUptwB9dhZvQ,desi
37i9dQZF1DWTZ3p56HpBDG,desi
37i9dQZF1DWWXmRdYIgq8J,desi
37i9dQZF1DX3LrQBSMX6aK,desi
37i9dQZF1DX6QsiGlwQqfw,desi
37i9dQZF1DX1VHgGvdVgaZ,desi
37i9dQZF1DX6EUcyVKIE73,desi
37i9dQZF1DXbITWG1ZJKYt,jazz
37i9dQZF1DX7YCknf2jT6s,jazz
37i9dQZF1DX85XJl1mZAlp,jazz
37i9dQZF1DWVqfgj8NZEp1,jazz
37i9dQZF1DWTR4ZOXTfd9K,jazz
37i9dQZF1DWUS3jbm4YExP,jazz
37i9dQZF1DX661EjJOj3Tu,latin
37i9dQZF1DX8xV1CEmgc1h,soul
37i9dQZF1DWYC7CaxNgoCg,soul
37i9dQZF1DX3z6D2ln0Hqx,soul
37i9dQZF1DX8YFIEyRvxXj,soul
37i9dQZF1DWVGLWeeMNGcG,soul
37i9dQZF1DX6eUekrgxJ8J,soul
37i9dQZF1DWULEW2RfoSCi,soul
37i9dQZF1DXc9NQwLalzEM,soul
37i9dQZF1DWYdLqwKCcDiy,roots
37i9dQZF1DX0dClrg1J8Br,roots
37i9dQZF1DWYV7OOaGhoH0,roots
37i9dQZF1DXaUDcU6KDCj4,roots
37i9dQZF1DX6z20IXmBjWI,roots
37i9dQZF1DWTyjRnMgESue,roots
37i9dQZF1DWXJyjYpHunCf,roots
37i9dQZF1DX9crXQ0wuuXE,roots
37i9dQZF1DWVmps5U8gHNv,roots
37i9dQZF1DX2taNm7KfjOX,roots
37i9dQZF1DWSIcimvN18p3,roots
37i9dQZF1DX3Fzl4v4w9Zp,roots
37i9dQZF1DX2ULa1Ss8vbo,roots
37i9dQZF1DX0yL7UvjSKZT,roots
37i9dQZF1DX5AuRugisweW,blues
37i9dQZF1DX5KfeCbBVaVc,roots
37i9dQZF1DX1adpUbAHocs,roots
37i9dQZF1DXbvABJXBIyiY,roots
37i9dQZF1DX2pSTOxoPbx9,roots
37i9dQZF1DWUNIrSzKgQbP,roots
37i9dQZF1DWSlw12ofHcMM,roots
37i9dQZF1DWSkMjlBZAZ07,roots
37i9dQZF1DWVl5gPCRkquk,roots
37i9dQZF1DX28npkgy2RE4,roots
37i9dQZF1DWU6Vfrf87eTG,roots
37i9dQZF1DX79Y9Kr2M2tM,roots
37i9dQZF1DX6ziVCJnEm59,roots
37i9dQZF1DWU0ScTcjJBdj,roots
37i9dQZF1DXdd3gw5QVjt9,roots
37i9dQZF1DX4E3UdUs7fUx,roots
37i9dQZF1DXcWBRiUaG3o5,roots
37i9dQZF1DWSlwBojgQEcN,roots
37i9dQZF1DX5Q5wA1hY6bS,roots
37i9dQZF1DX1BGjF5N5O7F,roots
37i9dQZF1DX0IyMQV27EGn,roots
37i9dQZF1DX9pryhDLql25,roots
37i9dQZF1DXbvE0SE0Cczh,dinner
37i9dQZF1DXdaMkR2m2cl5,dinner
37i9dQZF1DXa2PsvJSPnPf,roots
37i9dQZF1DWXmlLSKkfdAk,roots
37i9dQZF1DXcDxnC0UqHJa,roots
37i9dQZF1DXe5Q8muTQked,roots
37i9dQZF1DX56crgoe4TG3,roots
37i9dQZF1DWXnscMH24yOc,roots
37i9dQZF1DX0q1RHoDiZBg,roots
37i9dQZF1DWX8N4beMj76D,roots
37i9dQZF1DX4nb8GbLLOhT,roots
37i9dQZF1DX0hvSv9Rf41p,gaming
37i9dQZF1DWYkaDif7Ztbp,afro
37i9dQZF1DWTKXbV17YqGw,afro
37i9dQZF1DXe9hay4VT07f,reggae
37i9dQZF1DWYs2pvwxWA7l,afro
37i9dQZF1DWT6SJaitNDax,afro
37i9dQZF1DWSjibQnF0bUk,afro
37i9dQZF1DWX0o6sD1a6P5,afro
37i9dQZF1DX0SlHbqMm3vJ,afro
37i9dQZF1DX0ItcQfwbKZJ,afro
37i9dQZF1DWVyizF9BJ61m,afro
37i9dQZF1DWT6pI50XnTRh,afro
37i9dQZF1DWU4DdJqbjPl5,afro
37i9dQZF1DXdl8xYyG9Dm1,afro
37i9dQZF1DX5ja5oV6Kto0,afro
37i9dQZF1DX6BsbcWKm1XO,afro
37i9dQZF1DX35vibahyjHG,afro
37i9dQZF1DXcIme26eJxid,afro
37i9dQZF1DXbl4lbUfCVSx,afro
37i9dQZF1DXcadB69DKC8c,afro
37i9dQZF1DX6eyIKoZCdug,afro
37i9dQZF1DX9lAYMw7KoAO,afro
37i9dQZF1DX3EbcelyrZPd,afro
37i9dQZF1DXaYLfJcKWFfF,afro
37i9dQZF1DX1l6qs3gcM4U,afro
37i9dQZF1DX6036iaZ2MYP,afro
37i9dQZF1DX0z1epx5KTtS,afro
37i9dQZF1DWY7TEf86LRjN,afro
37i9dQZF1DX9Y4P09E4dNP,afro
37i9dQZF1DX8Q8vgP3md04,afro
37i9dQZF1DWVkyW4DM7wMY,afro
37i9dQZF1DX15iTqq2X8NE,arab
37i9dQZF1DXcNdPSCaTGoa,afro
37i9dQZF1DX9wXOYagay8L,afro
37i9dQZF1DWX4IFcj5utrY,afro
37i9dQZF1DWVEcPtggpQMu,afro
37i9dQZF1DX2xhOTSp6PjQ,afro
37i9dQZF1DX9mHcd54VItZ,afro
37i9dQZF1DX38snDqzaVVW,afro
37i9dQZF1DWT2I2nyOA0zG,afro
37i9dQZF1DX0rM1NjYKMJa,afro
37i9dQZF1DWWmaszSfZpom,afro
37i9dQZF1DZ06evO1m1kAx,afro
37i9dQZF1DZ06evO1Xa1Op,afro
37i9dQZF1DZ06evO0gCG2c,afro
37i9dQZF1DZ06evO2WUSS8,afro
37i9dQZF1DZ06evO3R5f8c,afro
37i9dQZF1DZ06evO00eJOV,afro
37i9dQZF1DZ06evO22OCjn,afro
37i9dQZF1DZ06evO1rwPYs,afro
37i9dQZF1DZ06evO2W8xb0,afro
37i9dQZF1DXcZXC7Soywtq,arab
37i9dQZF1DX5cO1uP1XC1g,arab
37i9dQZF1DWUQM3rmTXpBR,arab
37i9dQZF1DWZQ6UgJlQibR,arab
37i9dQZF1DXchFDa0CQ44k,arab
37i9dQZF1DX8SE5tIsUWTD,arab
37i9dQZF1DXdfYLmYuBPaf,arab
37i9dQZF1DX7Gwi28HhdBP,arab
37i9dQZF1DX4qF0846GNk8,arab
37i9dQZF1DWYCFWZy4Gz9M,arab
37i9dQZF1DXb7WmotStdsj,arab
37i9dQZF1DXcC6YLqj8ET8,arab
37i9dQZF1DXaqykGqi6KX8,arab
37i9dQZF1DX6qjeIoR93rs,arab
37i9dQZF1DX7ZqKP81pHlu,arab
37i9dQZF1DX4NdDHVFmygr,arab
37i9dQZF1DWVSIz2AGspV4,arab
37i9dQZF1DWWQRKXabpuS2,arab
37i9dQZF1DXaywRlmHaP59,arab
37i9dQZF1DX9HeUXWsJonl,arab
37i9dQZF1DWUyqO4fBh3ob,arab
37i9dQZF1DWUlTJaFU1ddx,arab
37i9dQZF1DX2LJXoyg2yd7,arab
37i9dQZF1DWXJnW46G73SM,arab
37i9dQZF1DXan38dNVDdl4,reggae
37i9dQZF1DXbSbnqxMTGx9,reggae
37i9dQZF1DWSiyIBdVQrkk,reggae
37i9dQZF1DWTcqUzwhNmKv,metal
37i9dQZF1DX5J7FIl4q56G,metal
37i9dQZF1DXcfZ6moR6J0G,metal
37i9dQZF1DWXHwQpcoF2cC,metal
37i9dQZF1DX4jCqmsDQR1i,metal
37i9dQZF1DWT9SRKhOEUYj,metal
37i9dQZF1DX6P51sFpSo2r,metal
37i9dQZF1DX6GRSnGELn7L,metal
37i9dQZF1DXbl9rMxGEmRC,metal
37i9dQZF1DWY5ai7gxfuaS,metal
37i9dQZF1DX5dWVbnmtiDv,metal
37i9dQZF1DX8scDqTzxoFw,family
37i9dQZF1DX6BChUV4Ga35,family
37i9dQZF1DXcr2UzLGERUU,family
37i9dQZF1DX7gU1rnYEgSF,family
37i9dQZF1DWUafMg94PbK3,family
37i9dQZF1DWU8An4lZhLWW,family
37i9dQZF1DX5wxtFbAW1CE,family
37i9dQZF1DWXHS0n2OcMjx,family
37i9dQZF1DXd4bJEFQJTXh,family
37i9dQZF1DX5wKayT9q3El,family
37i9dQZF1DWWYQim4OFxg7,family
37i9dQZF1DX7LJDigq6rCa,family
37i9dQZF1DWTKtOPH0e6NN,family
37i9dQZF1DWSXn51Tv3nWo,family
37i9dQZF1DX8C9xQcOrE6T,family
37i9dQZF1DXbADqT0j1Cxt,family
37i9dQZF1DXeapRjZhqZ07,family
37i9dQZF1DX0DxcHtn4Hwo,family
37i9dQZF1DWVs8I62NcHks,family
37i9dQZF1DX1Ew8a92fTdm,family
37i9dQZF1DX9QSrZ8cQbyd,family
37i9dQZF1DX2ls3pMfEx4A,family
37i9dQZF1DWZhxU4AiByxO,family
37i9dQZF1DXauMQRH2JBCJ,family
37i9dQZF1DX4cCqTKPWY5o,family
37i9dQZF1DWWVwtV5Pv39d,family
37i9dQZF1DWWdHnKrQaItY,family
37i9dQZF1DX7cJrHxouIuL,family
37i9dQZF1DX7MM6ZzGNICh,family
37i9dQZF1DWVEWFNY8BmNv,family
37i9dQZF1DWX16Q183eyvd,family
37i9dQZF1DX1dJrNuyDEgy,family
37i9dQZF1DWWFhvpeFkGtZ,family
37i9dQZF1DX4xuWVBs4FgJ,dinner
37i9dQZF1DWTALrdBtcXjw,dinner
37i9dQZF1DX2zAr9vdmFlU,latin
37i9dQZF1DX4kJGZhtnOIh,dinner
37i9dQZF1DX5JcPJgYjGcf,kpop
37i9dQZF1DX9tPFwDMOaN1,kpop
37i9dQZF1DX4FcAKI5Nhzq,kpop
37i9dQZF1DX14fiWYoe7Oh,kpop
37i9dQZF1DX1gjl24GAQC0,kpop
37i9dQZF1DX6Cy4Vr7Hu2y,kpop
37i9dQZF1DX5eq3AONkaho,kpop
37i9dQZF1DWWiDhnQ2IIru,travel
37i9dQZF1DX3bSdu6sAEDF,travel
37i9dQZF1DWUoqEG4WY6ce,travel
37i9dQZF1DWV8IND7NkP2W,travel
37i9dQZF1DX8XxBtyUnC7B,travel
37i9dQZF1DX3LDIBRoaCDQ,punk
37i9dQZF1DXd6tJtr4qeot,punk
37i9dQZF1DXasneILDRM7B,punk
37i9dQZF1DXcBkxDaAQX0a,punk
37i9dQZF1DXb1IUaS6F7Z8,punk
37i9dQZF1DX7WJ4yDmRK8R,punk
37i9dQZF1DXaDzsRodF91I,punk
37i9dQZF1DWU0FBqUeZYeN,punk
37i9dQZF1DXaGNG7NmtmZv,punk
37i9dQZF1DX9Mqxt6NLTDY,punk
37i9dQZF1DX1rJpnIN1unI,punk
37i9dQZF1DX1aYJMdIFYsC,punk
37i9dQZF1DX10zKzsJ2jva,latin
37i9dQZF1DWY7IeIP1cdjF,latin
37i9dQZF1DWVcbzTgVpNRm,latin
37i9dQZF1DX8sljIJzI0oo,latin
37i9dQZF1DX7MTlMMRl0MD,latin
37i9dQZF1DXbLMw3ry7d7k,latin
37i9dQZF1DWT34oeYRnJ0R,latin
37i9dQZF1DWZoF06RIo9el,latin
37i9dQZF1DXbUMEWUyV9JB,latin
37i9dQZF1DWYN0zdqzbEwl,latin
37i9dQZF1DX4qKWGR9z0LI,latin
37i9dQZF1DWX5ZOsG2Ogi1,latin
37i9dQZF1DX1hVRardJ30X,latin
37i9dQZF1DX7HGyCQ2dcNx,latin
37i9dQZF1DX5AVYhCeISA6,latin
37i9dQZF1DWYey22ryYM8U,latin
37i9dQZF1DXcWxfOAOwuqj,latin
37i9dQZF1DWZJIhAWlsiOv,latin
37i9dQZF1DX82VmYBD0zVC,latin
37i9dQZF1DX5xV5uMmkUPl,latin
37i9dQZF1DX53wq0WYtg5L,latin
37i9dQZF1DWYl3xONiBhif,latin
37i9dQZF1DWSUo7EWzIcjZ,latin
37i9dQZF1DWWKntaetLC2J,latin
37i9dQZF1DWZwoNAiPujAb,latin
37i9dQZF1DXcyPBAlQvdpJ,latin
37i9dQZF1DWW6fKETFfj2L,latin
37i9dQZF1DWWMMY2y10lFp,latin
37i9dQZF1DWZpToryjXk1l,latin
37i9dQZF1DX1bz9ZyZY7qg,latin
37i9dQZF1DXd1sqyar2HTO,latin
37i9dQZF1DXacNXCQqbCEI,latin
37i9dQZF1DX9Nda9C17FR1,latin
37i9dQZF1DX16jhUDf29DN,latin
37i9dQZF1DXcbGhAooTSJy,latin
37i9dQZF1DX8AjME0HhWBt,latin
37i9dQZF1DWU3iv5mH3inV,latin
37i9dQZF1DX1dwn4H0X3oa,latin
37i9dQZF1DX8ZvXpto9rvg,latin
37i9dQZF1DX7rqPov2ZRCB,latin
37i9dQZF1DXanogd3zvM0y,latin
37i9dQZF1DX35Nqnl6TPCg,latin
37i9dQZF1DX3NFsmszZzJc,latin
37i9dQZF1DXbicEtPvsx8f,latin
37i9dQZF1DX0wmIsbO8eli,latin
37i9dQZF1DWYlHrywzlsqL,latin
37i9dQZF1DX6kLgFCeu50O,latin
37i9dQZF1DX4WgZiuR77Ef,funk
37i9dQZF1DX23YPJntYMnh,funk
37i9dQZF1DX6drTZKzZwSo,funk
